Transaction_ID,Date,Branch,Product,Category,Quantity,Unit_Price,Payment_Method,Customer_Type,Total_Sales,Year,Month,Month_Name,Day,Day_Name,Year_Month
TXN0191,2026-01-01,Entebbe,Shampoo,Personal Care,3,22000,Card,Regular,66000,2026,1,January,1,Thursday,2026-01
TXN0113,2026-01-02,Entebbe,Electric Kettle,Home & Kitchen,3,95000,Mobile Money,Regular,285000,2026,1,January,2,Friday,2026-01
TXN0499,2026-01-02,Jinja,Smartphone,Electronics,5,850000,Mobile Money,New,4250000,2026,1,January,2,Friday,2026-01
TXN0140,2026-01-03,Jinja,Frying Pan,Home & Kitchen,2,65000,Cash,New,130000,2026,1,January,3,Saturday,2026-01
TXN0150,2026-01-04,Jinja,Cooking Oil 3L,Groceries,5,28000,Cash,Regular,140000,2026,1,January,4,Sunday,2026-01
TXN0412,2026-01-05,Entebbe,Rice 5kg,Groceries,3,32000,Mobile Money,New,96000,2026,1,January,5,Monday,2026-01
TXN0337,2026-01-05,Entebbe,Jacket,Clothing,1,150000,Mobile Money,New,150000,2026,1,January,5,Monday,2026-01
TXN0455,2026-01-06,Entebbe,Jacket,Clothing,3,150000,Cash,New,450000,2026,1,January,6,Tuesday,2026-01
TXN0229,2026-01-07,Jinja,Electric Kettle,Home & Kitchen,5,95000,Mobile Money,New,475000,2026,1,January,7,Wednesday,2026-01
TXN0098,2026-01-07,Kampala,Laptop Bag,Electronics,2,85000,Mobile Money,New,170000,2026,1,January,7,Wednesday,2026-01
TXN0124,2026-01-08,Kampala,Body Lotion,Personal Care,2,25000,Cash,New,50000,2026,1,January,8,Thursday,2026-01
TXN0003,2026-01-08,Kampala,Smartphone,Electronics,2,850000,Cash,New,1700000,2026,1,January,8,Thursday,2026-01
TXN0138,2026-01-08,Entebbe,Sugar 2kg,Groceries,3,12000,Cash,Regular,36000,2026,1,January,8,Thursday,2026-01
TXN0357,2026-01-09,Jinja,T-Shirt,Clothing,2,45000,Card,Regular,90000,2026,1,January,9,Friday,2026-01
TXN0040,2026-01-09,Entebbe,Toothpaste,Personal Care,1,12000,Card,New,12000,2026,1,January,9,Friday,2026-01
TXN0235,2026-01-09,Jinja,Cooking Oil 3L,Groceries,3,28000,Cash,Regular,84000,2026,1,January,9,Friday,2026-01
TXN0197,2026-01-10,Kampala,Electric Kettle,Home & Kitchen,5,95000,Card,Regular,475000,2026,1,January,10,Saturday,2026-01
TXN0344,2026-01-10,Jinja,Cooking Oil 3L,Groceries,2,28000,Mobile Money,Regular,56000,2026,1,January,10,Saturday,2026-01
TXN0402,2026-01-11,Kampala,Frying Pan,Home & Kitchen,1,65000,Cash,Regular,65000,2026,1,January,11,Sunday,2026-01
TXN0171,2026-01-11,Entebbe,T-Shirt,Clothing,3,45000,Card,Regular,135000,2026,1,January,11,Sunday,2026-01
TXN0008,2026-01-12,Jinja,Body Lotion,Personal Care,4,25000,Card,New,100000,2026,1,January,12,Monday,2026-01
TXN0086,2026-01-12,Jinja,Cooking Oil 3L,Groceries,4,28000,Cash,New,112000,2026,1,January,12,Monday,2026-01
TXN0339,2026-01-12,Entebbe,Laptop Bag,Electronics,5,85000,Mobile Money,New,425000,2026,1,January,12,Monday,2026-01
TXN0394,2026-01-13,Entebbe,Smartphone,Electronics,4,850000,Card,Regular,3400000,2026,1,January,13,Tuesday,2026-01
TXN0069,2026-01-14,Kampala,Cooking Oil 3L,Groceries,4,28000,Mobile Money,New,112000,2026,1,January,14,Wednesday,2026-01
TXN0272,2026-01-14,Kampala,Toothpaste,Personal Care,2,12000,Card,New,24000,2026,1,January,14,Wednesday,2026-01
TXN0151,2026-01-14,Jinja,Smartphone,Electronics,3,850000,Card,New,2550000,2026,1,January,14,Wednesday,2026-01
TXN0296,2026-01-15,Entebbe,Smartphone,Electronics,3,850000,Cash,New,2550000,2026,1,January,15,Thursday,2026-01
TXN0453,2026-01-15,Entebbe,Body Lotion,Personal Care,2,25000,Card,Regular,50000,2026,1,January,15,Thursday,2026-01
TXN0457,2026-01-16,Kampala,Frying Pan,Home & Kitchen,4,65000,Cash,Regular,260000,2026,1,January,16,Friday,2026-01
TXN0051,2026-01-16,Kampala,Toothpaste,Personal Care,4,12000,Cash,Regular,48000,2026,1,January,16,Friday,2026-01
TXN0431,2026-01-16,Kampala,Jeans,Clothing,5,85000,Cash,New,425000,2026,1,January,16,Friday,2026-01
TXN0023,2026-01-17,Entebbe,T-Shirt,Clothing,4,45000,Card,Regular,180000,2026,1,January,17,Saturday,2026-01
TXN0365,2026-01-17,Jinja,Jacket,Clothing,5,150000,Mobile Money,Regular,750000,2026,1,January,17,Saturday,2026-01
TXN0230,2026-01-17,Jinja,Jeans,Clothing,4,85000,Card,Regular,340000,2026,1,January,17,Saturday,2026-01
TXN0033,2026-01-18,Jinja,Shampoo,Personal Care,2,22000,Cash,Regular,44000,2026,1,January,18,Sunday,2026-01
TXN0456,2026-01-19,Kampala,T-Shirt,Clothing,4,45000,Mobile Money,New,180000,2026,1,January,19,Monday,2026-01
TXN0363,2026-01-19,Entebbe,Laptop Bag,Electronics,2,85000,Card,Regular,170000,2026,1,January,19,Monday,2026-01
TXN0162,2026-01-20,Kampala,Frying Pan,Home & Kitchen,1,65000,Mobile Money,Regular,65000,2026,1,January,20,Tuesday,2026-01
TXN0495,2026-01-20,Jinja,Shampoo,Personal Care,1,22000,Cash,Regular,22000,2026,1,January,20,Tuesday,2026-01
TXN0283,2026-01-20,Entebbe,Toothpaste,Personal Care,5,12000,Mobile Money,Regular,60000,2026,1,January,20,Tuesday,2026-01
TXN0423,2026-01-21,Entebbe,Jacket,Clothing,4,150000,Card,Regular,600000,2026,1,January,21,Wednesday,2026-01
TXN0287,2026-01-21,Entebbe,Frying Pan,Home & Kitchen,3,65000,Card,Regular,195000,2026,1,January,21,Wednesday,2026-01
TXN0122,2026-01-21,Entebbe,Shampoo,Personal Care,1,22000,Card,New,22000,2026,1,January,21,Wednesday,2026-01
TXN0251,2026-01-21,Entebbe,Headphones,Electronics,5,120000,Cash,New,600000,2026,1,January,21,Wednesday,2026-01
TXN0201,2026-01-21,Entebbe,Jeans,Clothing,5,85000,Mobile Money,Regular,425000,2026,1,January,21,Wednesday,2026-01
TXN0273,2026-01-21,Entebbe,Jeans,Clothing,4,85000,Card,Regular,340000,2026,1,January,21,Wednesday,2026-01
TXN0058,2026-01-21,Entebbe,T-Shirt,Clothing,5,45000,Card,Regular,225000,2026,1,January,21,Wednesday,2026-01
TXN0300,2026-01-22,Jinja,Jacket,Clothing,2,150000,Cash,New,300000,2026,1,January,22,Thursday,2026-01
TXN0369,2026-01-23,Kampala,T-Shirt,Clothing,3,45000,Mobile Money,Regular,135000,2026,1,January,23,Friday,2026-01
TXN0172,2026-01-24,Kampala,Smartphone,Electronics,5,850000,Card,New,4250000,2026,1,January,24,Saturday,2026-01
TXN0258,2026-01-24,Kampala,Headphones,Electronics,1,120000,Mobile Money,New,120000,2026,1,January,24,Saturday,2026-01
TXN0389,2026-01-25,Kampala,Laptop Bag,Electronics,3,85000,Mobile Money,Regular,255000,2026,1,January,25,Sunday,2026-01
TXN0219,2026-01-25,Jinja,Jeans,Clothing,1,85000,Mobile Money,Regular,85000,2026,1,January,25,Sunday,2026-01
TXN0400,2026-01-25,Entebbe,Laptop Bag,Electronics,3,85000,Mobile Money,Regular,255000,2026,1,January,25,Sunday,2026-01
TXN0204,2026-01-26,Jinja,Blender,Home & Kitchen,1,180000,Mobile Money,New,180000,2026,1,January,26,Monday,2026-01
TXN0198,2026-01-26,Entebbe,Shampoo,Personal Care,1,22000,Card,Regular,22000,2026,1,January,26,Monday,2026-01
TXN0350,2026-01-27,Kampala,Sugar 2kg,Groceries,3,12000,Card,Regular,36000,2026,1,January,27,Tuesday,2026-01
TXN0075,2026-01-27,Entebbe,Jeans,Clothing,5,85000,Mobile Money,New,425000,2026,1,January,27,Tuesday,2026-01
TXN0290,2026-01-27,Kampala,Rice 5kg,Groceries,3,32000,Cash,New,96000,2026,1,January,27,Tuesday,2026-01
TXN0001,2026-01-29,Kampala,Jeans,Clothing,3,85000,Cash,New,255000,2026,1,January,29,Thursday,2026-01
TXN0022,2026-01-29,Kampala,Shampoo,Personal Care,2,22000,Card,Regular,44000,2026,1,January,29,Thursday,2026-01
TXN0246,2026-01-30,Jinja,Frying Pan,Home & Kitchen,1,65000,Mobile Money,Regular,65000,2026,1,January,30,Friday,2026-01
TXN0166,2026-01-30,Jinja,Blender,Home & Kitchen,2,180000,Card,New,360000,2026,1,January,30,Friday,2026-01
TXN0224,2026-01-30,Entebbe,Body Lotion,Personal Care,1,25000,Cash,New,25000,2026,1,January,30,Friday,2026-01
TXN0360,2026-01-30,Kampala,Rice 5kg,Groceries,2,32000,Mobile Money,Regular,64000,2026,1,January,30,Friday,2026-01
TXN0279,2026-01-31,Kampala,Sugar 2kg,Groceries,4,12000,Card,Regular,48000,2026,1,January,31,Saturday,2026-01
TXN0445,2026-01-31,Jinja,Jacket,Clothing,3,150000,Mobile Money,New,450000,2026,1,January,31,Saturday,2026-01
TXN0057,2026-01-31,Jinja,Blender,Home & Kitchen,2,180000,Card,New,360000,2026,1,January,31,Saturday,2026-01
TXN0146,2026-01-31,Jinja,Rice 5kg,Groceries,2,32000,Mobile Money,New,64000,2026,1,January,31,Saturday,2026-01
TXN0483,2026-01-31,Jinja,Jacket,Clothing,4,150000,Cash,New,600000,2026,1,January,31,Saturday,2026-01
TXN0088,2026-02-01,Jinja,Jeans,Clothing,3,85000,Card,Regular,255000,2026,2,February,1,Sunday,2026-02
TXN0238,2026-02-01,Entebbe,Rice 5kg,Groceries,1,32000,Card,New,32000,2026,2,February,1,Sunday,2026-02
TXN0421,2026-02-01,Jinja,Cooking Oil 3L,Groceries,5,28000,Mobile Money,Regular,140000,2026,2,February,1,Sunday,2026-02
TXN0103,2026-02-01,Entebbe,Toothpaste,Personal Care,2,12000,Mobile Money,Regular,24000,2026,2,February,1,Sunday,2026-02
TXN0125,2026-02-02,Entebbe,Rice 5kg,Groceries,1,32000,Card,New,32000,2026,2,February,2,Monday,2026-02
TXN0240,2026-02-02,Jinja,Rice 5kg,Groceries,2,32000,Cash,New,64000,2026,2,February,2,Monday,2026-02
TXN0461,2026-02-02,Jinja,Frying Pan,Home & Kitchen,2,65000,Cash,New,130000,2026,2,February,2,Monday,2026-02
TXN0090,2026-02-02,Kampala,Frying Pan,Home & Kitchen,4,65000,Card,Regular,260000,2026,2,February,2,Monday,2026-02
TXN0060,2026-02-03,Jinja,Blender,Home & Kitchen,3,180000,Mobile Money,Regular,540000,2026,2,February,3,Tuesday,2026-02
TXN0280,2026-02-03,Entebbe,Laptop Bag,Electronics,5,85000,Card,New,425000,2026,2,February,3,Tuesday,2026-02
TXN0446,2026-02-04,Entebbe,Rice 5kg,Groceries,2,32000,Mobile Money,Regular,64000,2026,2,February,4,Wednesday,2026-02
TXN0066,2026-02-04,Entebbe,Toothpaste,Personal Care,1,12000,Cash,New,12000,2026,2,February,4,Wednesday,2026-02
TXN0021,2026-02-05,Jinja,Rice 5kg,Groceries,4,32000,Cash,New,128000,2026,2,February,5,Thursday,2026-02
TXN0268,2026-02-06,Jinja,Laptop Bag,Electronics,4,85000,Cash,New,340000,2026,2,February,6,Friday,2026-02
TXN0401,2026-02-06,Kampala,Body Lotion,Personal Care,5,25000,Card,Regular,125000,2026,2,February,6,Friday,2026-02
TXN0333,2026-02-06,Entebbe,Jacket,Clothing,4,150000,Cash,Regular,600000,2026,2,February,6,Friday,2026-02
TXN0242,2026-02-07,Kampala,Cooking Oil 3L,Groceries,5,28000,Mobile Money,New,140000,2026,2,February,7,Saturday,2026-02
TXN0299,2026-02-08,Kampala,Frying Pan,Home & Kitchen,4,65000,Cash,Regular,260000,2026,2,February,8,Sunday,2026-02
TXN0192,2026-02-08,Entebbe,Shampoo,Personal Care,5,22000,Mobile Money,Regular,110000,2026,2,February,8,Sunday,2026-02
TXN0329,2026-02-08,Jinja,Rice 5kg,Groceries,5,32000,Card,Regular,160000,2026,2,February,8,Sunday,2026-02
TXN0109,2026-02-08,Kampala,Laptop Bag,Electronics,4,85000,Card,New,340000,2026,2,February,8,Sunday,2026-02
TXN0291,2026-02-09,Jinja,T-Shirt,Clothing,1,45000,Cash,Regular,45000,2026,2,February,9,Monday,2026-02
TXN0366,2026-02-10,Jinja,Shampoo,Personal Care,2,22000,Mobile Money,New,44000,2026,2,February,10,Tuesday,2026-02
TXN0105,2026-02-10,Jinja,Toothpaste,Personal Care,4,12000,Mobile Money,Regular,48000,2026,2,February,10,Tuesday,2026-02
TXN0078,2026-02-10,Jinja,Cooking Oil 3L,Groceries,1,28000,Mobile Money,New,28000,2026,2,February,10,Tuesday,2026-02
TXN0026,2026-02-10,Entebbe,Blender,Home & Kitchen,1,180000,Card,Regular,180000,2026,2,February,10,Tuesday,2026-02
TXN0390,2026-02-10,Entebbe,Rice 5kg,Groceries,5,32000,Card,Regular,160000,2026,2,February,10,Tuesday,2026-02
TXN0177,2026-02-11,Entebbe,Shampoo,Personal Care,4,22000,Card,Regular,88000,2026,2,February,11,Wednesday,2026-02
TXN0437,2026-02-11,Jinja,Sugar 2kg,Groceries,4,12000,Card,Regular,48000,2026,2,February,11,Wednesday,2026-02
TXN0314,2026-02-11,Kampala,Laptop Bag,Electronics,5,85000,Cash,Regular,425000,2026,2,February,11,Wednesday,2026-02
TXN0223,2026-02-12,Entebbe,Shampoo,Personal Care,4,22000,Mobile Money,Regular,88000,2026,2,February,12,Thursday,2026-02
TXN0034,2026-02-12,Entebbe,Frying Pan,Home & Kitchen,5,65000,Card,Regular,325000,2026,2,February,12,Thursday,2026-02
TXN0374,2026-02-12,Kampala,Cooking Oil 3L,Groceries,3,28000,Card,New,84000,2026,2,February,12,Thursday,2026-02
TXN0432,2026-02-14,Entebbe,Toothpaste,Personal Care,2,12000,Cash,Regular,24000,2026,2,February,14,Saturday,2026-02
TXN0341,2026-02-16,Kampala,Jeans,Clothing,1,85000,Card,Regular,85000,2026,2,February,16,Monday,2026-02
TXN0458,2026-02-16,Kampala,Blender,Home & Kitchen,4,180000,Mobile Money,Regular,720000,2026,2,February,16,Monday,2026-02
TXN0056,2026-02-17,Kampala,Shampoo,Personal Care,5,22000,Cash,New,110000,2026,2,February,17,Tuesday,2026-02
TXN0438,2026-02-17,Kampala,Jacket,Clothing,3,150000,Mobile Money,New,450000,2026,2,February,17,Tuesday,2026-02
TXN0218,2026-02-18,Jinja,Jeans,Clothing,3,85000,Card,New,255000,2026,2,February,18,Wednesday,2026-02
TXN0194,2026-02-18,Jinja,Shampoo,Personal Care,2,22000,Card,Regular,44000,2026,2,February,18,Wednesday,2026-02
TXN0053,2026-02-18,Entebbe,Laptop Bag,Electronics,2,85000,Cash,New,170000,2026,2,February,18,Wednesday,2026-02
TXN0464,2026-02-18,Jinja,Cooking Oil 3L,Groceries,1,28000,Cash,Regular,28000,2026,2,February,18,Wednesday,2026-02
TXN0181,2026-02-18,Jinja,Smartphone,Electronics,3,850000,Card,Regular,2550000,2026,2,February,18,Wednesday,2026-02
TXN0010,2026-02-19,Jinja,T-Shirt,Clothing,1,45000,Cash,New,45000,2026,2,February,19,Thursday,2026-02
TXN0149,2026-02-19,Entebbe,Headphones,Electronics,2,120000,Mobile Money,New,240000,2026,2,February,19,Thursday,2026-02
TXN0004,2026-02-20,Jinja,Frying Pan,Home & Kitchen,5,65000,Mobile Money,New,325000,2026,2,February,20,Friday,2026-02
TXN0367,2026-02-21,Kampala,Headphones,Electronics,2,120000,Mobile Money,New,240000,2026,2,February,21,Saturday,2026-02
TXN0478,2026-02-22,Entebbe,Cooking Oil 3L,Groceries,1,28000,Mobile Money,Regular,28000,2026,2,February,22,Sunday,2026-02
TXN0415,2026-02-23,Jinja,Frying Pan,Home & Kitchen,3,65000,Card,Regular,195000,2026,2,February,23,Monday,2026-02
TXN0013,2026-02-23,Jinja,Sugar 2kg,Groceries,3,12000,Card,New,36000,2026,2,February,23,Monday,2026-02
TXN0110,2026-02-24,Kampala,Jacket,Clothing,4,150000,Mobile Money,Regular,600000,2026,2,February,24,Tuesday,2026-02
TXN0468,2026-02-25,Kampala,Frying Pan,Home & Kitchen,2,65000,Card,Regular,130000,2026,2,February,25,Wednesday,2026-02
TXN0497,2026-02-25,Jinja,Smartphone,Electronics,4,850000,Mobile Money,New,3400000,2026,2,February,25,Wednesday,2026-02
TXN0241,2026-02-25,Kampala,T-Shirt,Clothing,3,45000,Cash,New,135000,2026,2,February,25,Wednesday,2026-02
TXN0115,2026-02-26,Entebbe,Electric Kettle,Home & Kitchen,4,95000,Mobile Money,New,380000,2026,2,February,26,Thursday,2026-02
TXN0323,2026-02-26,Entebbe,Toothpaste,Personal Care,3,12000,Cash,Regular,36000,2026,2,February,26,Thursday,2026-02
TXN0143,2026-02-26,Entebbe,Cooking Oil 3L,Groceries,2,28000,Mobile Money,Regular,56000,2026,2,February,26,Thursday,2026-02
TXN0248,2026-02-26,Jinja,Frying Pan,Home & Kitchen,1,65000,Card,Regular,65000,2026,2,February,26,Thursday,2026-02
TXN0277,2026-02-26,Entebbe,Smartphone,Electronics,5,850000,Cash,New,4250000,2026,2,February,26,Thursday,2026-02
TXN0311,2026-02-27,Kampala,Rice 5kg,Groceries,2,32000,Cash,Regular,64000,2026,2,February,27,Friday,2026-02
TXN0123,2026-02-27,Jinja,Sugar 2kg,Groceries,1,12000,Card,New,12000,2026,2,February,27,Friday,2026-02
TXN0463,2026-02-28,Kampala,Shampoo,Personal Care,4,22000,Mobile Money,New,88000,2026,2,February,28,Saturday,2026-02
TXN0236,2026-03-02,Entebbe,Electric Kettle,Home & Kitchen,1,95000,Card,Regular,95000,2026,3,March,2,Monday,2026-03
TXN0356,2026-03-02,Jinja,Headphones,Electronics,3,120000,Mobile Money,Regular,360000,2026,3,March,2,Monday,2026-03
TXN0076,2026-03-02,Kampala,Toothpaste,Personal Care,2,12000,Mobile Money,New,24000,2026,3,March,2,Monday,2026-03
TXN0484,2026-03-03,Jinja,Blender,Home & Kitchen,3,180000,Mobile Money,Regular,540000,2026,3,March,3,Tuesday,2026-03
TXN0331,2026-03-03,Entebbe,Smartphone,Electronics,5,850000,Mobile Money,New,4250000,2026,3,March,3,Tuesday,2026-03
TXN0107,2026-03-03,Entebbe,Jeans,Clothing,4,85000,Cash,Regular,340000,2026,3,March,3,Tuesday,2026-03
TXN0136,2026-03-04,Kampala,Shampoo,Personal Care,3,22000,Mobile Money,New,66000,2026,3,March,4,Wednesday,2026-03
TXN0383,2026-03-04,Jinja,Electric Kettle,Home & Kitchen,4,95000,Mobile Money,Regular,380000,2026,3,March,4,Wednesday,2026-03
TXN0106,2026-03-05,Jinja,Body Lotion,Personal Care,3,25000,Card,Regular,75000,2026,3,March,5,Thursday,2026-03
TXN0448,2026-03-05,Jinja,Body Lotion,Personal Care,5,25000,Cash,Regular,125000,2026,3,March,5,Thursday,2026-03
TXN0037,2026-03-05,Kampala,Headphones,Electronics,1,120000,Mobile Money,New,120000,2026,3,March,5,Thursday,2026-03
TXN0048,2026-03-05,Kampala,Electric Kettle,Home & Kitchen,4,95000,Card,New,380000,2026,3,March,5,Thursday,2026-03
TXN0418,2026-03-05,Entebbe,Rice 5kg,Groceries,5,32000,Mobile Money,New,160000,2026,3,March,5,Thursday,2026-03
TXN0024,2026-03-06,Jinja,Frying Pan,Home & Kitchen,1,65000,Card,New,65000,2026,3,March,6,Friday,2026-03
TXN0210,2026-03-07,Jinja,Electric Kettle,Home & Kitchen,1,95000,Mobile Money,Regular,95000,2026,3,March,7,Saturday,2026-03
TXN0059,2026-03-08,Kampala,Toothpaste,Personal Care,3,12000,Cash,Regular,36000,2026,3,March,8,Sunday,2026-03
TXN0083,2026-03-08,Kampala,Headphones,Electronics,5,120000,Mobile Money,New,600000,2026,3,March,8,Sunday,2026-03
TXN0120,2026-03-08,Entebbe,Smartphone,Electronics,3,850000,Cash,Regular,2550000,2026,3,March,8,Sunday,2026-03
TXN0396,2026-03-09,Jinja,Toothpaste,Personal Care,3,12000,Mobile Money,Regular,36000,2026,3,March,9,Monday,2026-03
TXN0165,2026-03-09,Jinja,Toothpaste,Personal Care,5,12000,Card,New,60000,2026,3,March,9,Monday,2026-03
TXN0019,2026-03-09,Kampala,Laptop Bag,Electronics,2,85000,Card,Regular,170000,2026,3,March,9,Monday,2026-03
TXN0245,2026-03-09,Kampala,Laptop Bag,Electronics,2,85000,Card,Regular,170000,2026,3,March,9,Monday,2026-03
TXN0017,2026-03-10,Kampala,Blender,Home & Kitchen,2,180000,Card,Regular,360000,2026,3,March,10,Tuesday,2026-03
TXN0167,2026-03-10,Kampala,Toothpaste,Personal Care,1,12000,Cash,New,12000,2026,3,March,10,Tuesday,2026-03
TXN0108,2026-03-11,Entebbe,Rice 5kg,Groceries,3,32000,Card,New,96000,2026,3,March,11,Wednesday,2026-03
TXN0471,2026-03-12,Kampala,Cooking Oil 3L,Groceries,5,28000,Card,New,140000,2026,3,March,12,Thursday,2026-03
TXN0252,2026-03-12,Jinja,Laptop Bag,Electronics,5,85000,Card,Regular,425000,2026,3,March,12,Thursday,2026-03
TXN0006,2026-03-13,Kampala,Sugar 2kg,Groceries,2,12000,Mobile Money,New,24000,2026,3,March,13,Friday,2026-03
TXN0067,2026-03-14,Jinja,Cooking Oil 3L,Groceries,2,28000,Card,Regular,56000,2026,3,March,14,Saturday,2026-03
TXN0183,2026-03-15,Entebbe,Toothpaste,Personal Care,4,12000,Cash,New,48000,2026,3,March,15,Sunday,2026-03
TXN0327,2026-03-15,Entebbe,Smartphone,Electronics,2,850000,Card,Regular,1700000,2026,3,March,15,Sunday,2026-03
TXN0217,2026-03-15,Kampala,Shampoo,Personal Care,5,22000,Mobile Money,New,110000,2026,3,March,15,Sunday,2026-03
TXN0011,2026-03-16,Kampala,Body Lotion,Personal Care,2,25000,Cash,Regular,50000,2026,3,March,16,Monday,2026-03
TXN0215,2026-03-17,Kampala,Jacket,Clothing,4,150000,Mobile Money,New,600000,2026,3,March,17,Tuesday,2026-03
TXN0342,2026-03-17,Kampala,Smartphone,Electronics,1,850000,Cash,New,850000,2026,3,March,17,Tuesday,2026-03
TXN0205,2026-03-18,Kampala,Jacket,Clothing,1,150000,Mobile Money,New,150000,2026,3,March,18,Wednesday,2026-03
TXN0212,2026-03-18,Jinja,T-Shirt,Clothing,4,45000,Card,Regular,180000,2026,3,March,18,Wednesday,2026-03
TXN0278,2026-03-19,Kampala,Rice 5kg,Groceries,2,32000,Mobile Money,Regular,64000,2026,3,March,19,Thursday,2026-03
TXN0470,2026-03-19,Kampala,Rice 5kg,Groceries,5,32000,Cash,Regular,160000,2026,3,March,19,Thursday,2026-03
TXN0213,2026-03-19,Kampala,Electric Kettle,Home & Kitchen,4,95000,Mobile Money,New,380000,2026,3,March,19,Thursday,2026-03
TXN0168,2026-03-20,Jinja,Body Lotion,Personal Care,5,25000,Mobile Money,Regular,125000,2026,3,March,20,Friday,2026-03
TXN0392,2026-03-20,Entebbe,Electric Kettle,Home & Kitchen,1,95000,Cash,Regular,95000,2026,3,March,20,Friday,2026-03
TXN0444,2026-03-20,Kampala,Electric Kettle,Home & Kitchen,4,95000,Card,Regular,380000,2026,3,March,20,Friday,2026-03
TXN0343,2026-03-21,Jinja,Sugar 2kg,Groceries,4,12000,Card,Regular,48000,2026,3,March,21,Saturday,2026-03
TXN0310,2026-03-21,Kampala,Sugar 2kg,Groceries,2,12000,Mobile Money,Regular,24000,2026,3,March,21,Saturday,2026-03
TXN0128,2026-03-21,Jinja,Toothpaste,Personal Care,4,12000,Mobile Money,New,48000,2026,3,March,21,Saturday,2026-03
TXN0054,2026-03-22,Kampala,Jacket,Clothing,1,150000,Card,Regular,150000,2026,3,March,22,Sunday,2026-03
TXN0179,2026-03-22,Entebbe,Headphones,Electronics,3,120000,Cash,Regular,360000,2026,3,March,22,Sunday,2026-03
TXN0487,2026-03-23,Kampala,Body Lotion,Personal Care,3,25000,Mobile Money,Regular,75000,2026,3,March,23,Monday,2026-03
TXN0030,2026-03-24,Entebbe,T-Shirt,Clothing,1,45000,Cash,Regular,45000,2026,3,March,24,Tuesday,2026-03
TXN0441,2026-03-24,Kampala,Electric Kettle,Home & Kitchen,1,95000,Mobile Money,Regular,95000,2026,3,March,24,Tuesday,2026-03
TXN0016,2026-03-25,Kampala,Jeans,Clothing,2,85000,Cash,Regular,170000,2026,3,March,25,Wednesday,2026-03
TXN0285,2026-03-25,Kampala,Smartphone,Electronics,5,850000,Mobile Money,Regular,4250000,2026,3,March,25,Wednesday,2026-03
TXN0451,2026-03-25,Jinja,Laptop Bag,Electronics,4,85000,Cash,New,340000,2026,3,March,25,Wednesday,2026-03
TXN0081,2026-03-26,Entebbe,Blender,Home & Kitchen,1,180000,Mobile Money,Regular,180000,2026,3,March,26,Thursday,2026-03
TXN0428,2026-03-26,Jinja,Blender,Home & Kitchen,4,180000,Cash,New,720000,2026,3,March,26,Thursday,2026-03
TXN0490,2026-03-26,Kampala,Rice 5kg,Groceries,4,32000,Card,New,128000,2026,3,March,26,Thursday,2026-03
TXN0288,2026-03-27,Kampala,Rice 5kg,Groceries,1,32000,Card,New,32000,2026,3,March,27,Friday,2026-03
TXN0482,2026-03-27,Entebbe,Rice 5kg,Groceries,1,32000,Cash,New,32000,2026,3,March,27,Friday,2026-03
TXN0070,2026-03-27,Kampala,Smartphone,Electronics,3,850000,Cash,Regular,2550000,2026,3,March,27,Friday,2026-03
TXN0121,2026-03-28,Entebbe,Sugar 2kg,Groceries,3,12000,Mobile Money,Regular,36000,2026,3,March,28,Saturday,2026-03
TXN0313,2026-03-28,Jinja,Jeans,Clothing,2,85000,Card,Regular,170000,2026,3,March,28,Saturday,2026-03
TXN0116,2026-03-28,Jinja,Blender,Home & Kitchen,4,180000,Card,New,720000,2026,3,March,28,Saturday,2026-03
TXN0046,2026-03-28,Kampala,Jacket,Clothing,2,150000,Cash,New,300000,2026,3,March,28,Saturday,2026-03
TXN0405,2026-03-28,Jinja,T-Shirt,Clothing,5,45000,Card,Regular,225000,2026,3,March,28,Saturday,2026-03
TXN0422,2026-03-30,Kampala,Shampoo,Personal Care,3,22000,Cash,Regular,66000,2026,3,March,30,Monday,2026-03
TXN0063,2026-03-31,Kampala,Toothpaste,Personal Care,2,12000,Mobile Money,Regular,24000,2026,3,March,31,Tuesday,2026-03
TXN0460,2026-03-31,Kampala,Jeans,Clothing,2,85000,Card,Regular,170000,2026,3,March,31,Tuesday,2026-03
TXN0417,2026-04-01,Jinja,Frying Pan,Home & Kitchen,3,65000,Card,Regular,195000,2026,4,April,1,Wednesday,2026-04
TXN0139,2026-04-01,Entebbe,Rice 5kg,Groceries,3,32000,Mobile Money,Regular,96000,2026,4,April,1,Wednesday,2026-04
TXN0261,2026-04-01,Jinja,Blender,Home & Kitchen,4,180000,Card,New,720000,2026,4,April,1,Wednesday,2026-04
TXN0206,2026-04-02,Entebbe,Cooking Oil 3L,Groceries,4,28000,Cash,New,112000,2026,4,April,2,Thursday,2026-04
TXN0335,2026-04-03,Kampala,Frying Pan,Home & Kitchen,5,65000,Card,New,325000,2026,4,April,3,Friday,2026-04
TXN0247,2026-04-03,Jinja,Body Lotion,Personal Care,5,25000,Cash,Regular,125000,2026,4,April,3,Friday,2026-04
TXN0074,2026-04-04,Kampala,Cooking Oil 3L,Groceries,3,28000,Cash,New,84000,2026,4,April,4,Saturday,2026-04
TXN0359,2026-04-04,Entebbe,Frying Pan,Home & Kitchen,3,65000,Card,Regular,195000,2026,4,April,4,Saturday,2026-04
TXN0387,2026-04-05,Jinja,Body Lotion,Personal Care,5,25000,Cash,Regular,125000,2026,4,April,5,Sunday,2026-04
TXN0227,2026-04-05,Jinja,Electric Kettle,Home & Kitchen,3,95000,Card,Regular,285000,2026,4,April,5,Sunday,2026-04
TXN0346,2026-04-05,Entebbe,Body Lotion,Personal Care,4,25000,Card,Regular,100000,2026,4,April,5,Sunday,2026-04
TXN0358,2026-04-06,Entebbe,Sugar 2kg,Groceries,1,12000,Card,New,12000,2026,4,April,6,Monday,2026-04
TXN0325,2026-04-06,Kampala,Headphones,Electronics,1,120000,Mobile Money,New,120000,2026,4,April,6,Monday,2026-04
TXN0302,2026-04-06,Entebbe,Sugar 2kg,Groceries,4,12000,Mobile Money,Regular,48000,2026,4,April,6,Monday,2026-04
TXN0009,2026-04-07,Kampala,Toothpaste,Personal Care,5,12000,Mobile Money,Regular,60000,2026,4,April,7,Tuesday,2026-04
TXN0416,2026-04-07,Entebbe,Frying Pan,Home & Kitchen,2,65000,Mobile Money,Regular,130000,2026,4,April,7,Tuesday,2026-04
TXN0459,2026-04-07,Entebbe,Electric Kettle,Home & Kitchen,1,95000,Card,New,95000,2026,4,April,7,Tuesday,2026-04
TXN0214,2026-04-08,Jinja,Rice 5kg,Groceries,3,32000,Card,Regular,96000,2026,4,April,8,Wednesday,2026-04
TXN0007,2026-04-08,Kampala,Headphones,Electronics,3,120000,Mobile Money,Regular,360000,2026,4,April,8,Wednesday,2026-04
TXN0347,2026-04-09,Entebbe,Toothpaste,Personal Care,2,12000,Mobile Money,Regular,24000,2026,4,April,9,Thursday,2026-04
TXN0118,2026-04-11,Jinja,Toothpaste,Personal Care,5,12000,Card,New,60000,2026,4,April,11,Saturday,2026-04
TXN0324,2026-04-12,Jinja,Smartphone,Electronics,3,850000,Cash,Regular,2550000,2026,4,April,12,Sunday,2026-04
TXN0397,2026-04-13,Kampala,Smartphone,Electronics,5,850000,Card,New,4250000,2026,4,April,13,Monday,2026-04
TXN0100,2026-04-13,Kampala,Electric Kettle,Home & Kitchen,2,95000,Card,New,190000,2026,4,April,13,Monday,2026-04
TXN0440,2026-04-13,Jinja,Headphones,Electronics,1,120000,Cash,New,120000,2026,4,April,13,Monday,2026-04
TXN0231,2026-04-15,Kampala,Jeans,Clothing,2,85000,Cash,New,170000,2026,4,April,15,Wednesday,2026-04
TXN0043,2026-04-15,Kampala,Body Lotion,Personal Care,1,25000,Cash,Regular,25000,2026,4,April,15,Wednesday,2026-04
TXN0050,2026-04-15,Entebbe,Laptop Bag,Electronics,4,85000,Cash,Regular,340000,2026,4,April,15,Wednesday,2026-04
TXN0089,2026-04-15,Entebbe,Jeans,Clothing,4,85000,Card,Regular,340000,2026,4,April,15,Wednesday,2026-04
TXN0141,2026-04-15,Entebbe,Jacket,Clothing,5,150000,Cash,Regular,750000,2026,4,April,15,Wednesday,2026-04
TXN0185,2026-04-15,Kampala,Frying Pan,Home & Kitchen,2,65000,Cash,Regular,130000,2026,4,April,15,Wednesday,2026-04
TXN0176,2026-04-15,Entebbe,Sugar 2kg,Groceries,3,12000,Card,New,36000,2026,4,April,15,Wednesday,2026-04
TXN0370,2026-04-16,Entebbe,Frying Pan,Home & Kitchen,5,65000,Cash,New,325000,2026,4,April,16,Thursday,2026-04
TXN0207,2026-04-16,Jinja,Frying Pan,Home & Kitchen,2,65000,Cash,New,130000,2026,4,April,16,Thursday,2026-04
TXN0315,2026-04-16,Entebbe,Smartphone,Electronics,2,850000,Mobile Money,Regular,1700000,2026,4,April,16,Thursday,2026-04
TXN0256,2026-04-17,Jinja,Blender,Home & Kitchen,1,180000,Mobile Money,Regular,180000,2026,4,April,17,Friday,2026-04
TXN0234,2026-04-17,Jinja,Toothpaste,Personal Care,1,12000,Mobile Money,Regular,12000,2026,4,April,17,Friday,2026-04
TXN0099,2026-04-17,Jinja,Electric Kettle,Home & Kitchen,5,95000,Cash,Regular,475000,2026,4,April,17,Friday,2026-04
TXN0474,2026-04-17,Entebbe,Jacket,Clothing,2,150000,Mobile Money,Regular,300000,2026,4,April,17,Friday,2026-04
TXN0270,2026-04-18,Entebbe,Blender,Home & Kitchen,3,180000,Cash,Regular,540000,2026,4,April,18,Saturday,2026-04
TXN0132,2026-04-18,Entebbe,Smartphone,Electronics,1,850000,Mobile Money,Regular,850000,2026,4,April,18,Saturday,2026-04
TXN0044,2026-04-19,Entebbe,Sugar 2kg,Groceries,4,12000,Card,New,48000,2026,4,April,19,Sunday,2026-04
TXN0265,2026-04-20,Jinja,Body Lotion,Personal Care,5,25000,Card,New,125000,2026,4,April,20,Monday,2026-04
TXN0349,2026-04-21,Jinja,Headphones,Electronics,2,120000,Card,Regular,240000,2026,4,April,21,Tuesday,2026-04
TXN0087,2026-04-21,Kampala,Sugar 2kg,Groceries,3,12000,Card,Regular,36000,2026,4,April,21,Tuesday,2026-04
TXN0286,2026-04-22,Kampala,Headphones,Electronics,2,120000,Mobile Money,Regular,240000,2026,4,April,22,Wednesday,2026-04
TXN0175,2026-04-22,Jinja,T-Shirt,Clothing,4,45000,Cash,Regular,180000,2026,4,April,22,Wednesday,2026-04
TXN0135,2026-04-22,Jinja,Electric Kettle,Home & Kitchen,5,95000,Mobile Money,Regular,475000,2026,4,April,22,Wednesday,2026-04
TXN0064,2026-04-23,Jinja,Laptop Bag,Electronics,3,85000,Card,New,255000,2026,4,April,23,Thursday,2026-04
TXN0301,2026-04-23,Entebbe,Jacket,Clothing,5,150000,Card,New,750000,2026,4,April,23,Thursday,2026-04
TXN0294,2026-04-24,Jinja,Electric Kettle,Home & Kitchen,3,95000,Mobile Money,New,285000,2026,4,April,24,Friday,2026-04
TXN0182,2026-04-24,Kampala,Jeans,Clothing,2,85000,Mobile Money,New,170000,2026,4,April,24,Friday,2026-04
TXN0094,2026-04-24,Entebbe,Electric Kettle,Home & Kitchen,2,95000,Card,Regular,190000,2026,4,April,24,Friday,2026-04
TXN0104,2026-04-24,Jinja,Body Lotion,Personal Care,5,25000,Mobile Money,Regular,125000,2026,4,April,24,Friday,2026-04
TXN0442,2026-04-25,Entebbe,Rice 5kg,Groceries,3,32000,Mobile Money,New,96000,2026,4,April,25,Saturday,2026-04
TXN0352,2026-04-25,Kampala,Sugar 2kg,Groceries,3,12000,Card,Regular,36000,2026,4,April,25,Saturday,2026-04
TXN0047,2026-04-25,Kampala,Frying Pan,Home & Kitchen,4,65000,Cash,Regular,260000,2026,4,April,25,Saturday,2026-04
TXN0351,2026-04-25,Jinja,Cooking Oil 3L,Groceries,4,28000,Cash,Regular,112000,2026,4,April,25,Saturday,2026-04
TXN0322,2026-04-26,Jinja,Cooking Oil 3L,Groceries,2,28000,Mobile Money,New,56000,2026,4,April,26,Sunday,2026-04
TXN0255,2026-04-26,Kampala,Blender,Home & Kitchen,4,180000,Mobile Money,Regular,720000,2026,4,April,26,Sunday,2026-04
TXN0012,2026-04-27,Jinja,Cooking Oil 3L,Groceries,3,28000,Cash,Regular,84000,2026,4,April,27,Monday,2026-04
TXN0188,2026-04-27,Jinja,Rice 5kg,Groceries,2,32000,Mobile Money,New,64000,2026,4,April,27,Monday,2026-04
TXN0233,2026-04-27,Entebbe,Blender,Home & Kitchen,5,180000,Mobile Money,New,900000,2026,4,April,27,Monday,2026-04
TXN0393,2026-04-28,Kampala,Frying Pan,Home & Kitchen,2,65000,Card,Regular,130000,2026,4,April,28,Tuesday,2026-04
TXN0133,2026-04-28,Jinja,Jeans,Clothing,2,85000,Mobile Money,New,170000,2026,4,April,28,Tuesday,2026-04
TXN0462,2026-04-29,Jinja,Cooking Oil 3L,Groceries,5,28000,Mobile Money,Regular,140000,2026,4,April,29,Wednesday,2026-04
TXN0137,2026-04-29,Jinja,Body Lotion,Personal Care,5,25000,Card,Regular,125000,2026,4,April,29,Wednesday,2026-04
TXN0015,2026-04-29,Entebbe,Laptop Bag,Electronics,3,85000,Card,New,255000,2026,4,April,29,Wednesday,2026-04
TXN0385,2026-04-29,Kampala,Electric Kettle,Home & Kitchen,3,95000,Card,New,285000,2026,4,April,29,Wednesday,2026-04
TXN0169,2026-04-30,Jinja,Headphones,Electronics,3,120000,Card,Regular,360000,2026,4,April,30,Thursday,2026-04
TXN0111,2026-04-30,Entebbe,Frying Pan,Home & Kitchen,1,65000,Cash,Regular,65000,2026,4,April,30,Thursday,2026-04
TXN0388,2026-04-30,Kampala,Rice 5kg,Groceries,3,32000,Mobile Money,New,96000,2026,4,April,30,Thursday,2026-04
TXN0117,2026-04-30,Kampala,Shampoo,Personal Care,5,22000,Card,New,110000,2026,4,April,30,Thursday,2026-04
TXN0336,2026-05-01,Kampala,Blender,Home & Kitchen,4,180000,Mobile Money,Regular,720000,2026,5,May,1,Friday,2026-05
TXN0200,2026-05-01,Entebbe,Headphones,Electronics,3,120000,Card,Regular,360000,2026,5,May,1,Friday,2026-05
TXN0079,2026-05-01,Kampala,Shampoo,Personal Care,2,22000,Mobile Money,Regular,44000,2026,5,May,1,Friday,2026-05
TXN0403,2026-05-02,Jinja,Body Lotion,Personal Care,4,25000,Cash,New,100000,2026,5,May,2,Saturday,2026-05
TXN0424,2026-05-03,Kampala,Jacket,Clothing,2,150000,Card,Regular,300000,2026,5,May,3,Sunday,2026-05
TXN0420,2026-05-03,Entebbe,Sugar 2kg,Groceries,5,12000,Card,Regular,60000,2026,5,May,3,Sunday,2026-05
TXN0154,2026-05-03,Kampala,Cooking Oil 3L,Groceries,1,28000,Mobile Money,Regular,28000,2026,5,May,3,Sunday,2026-05
TXN0410,2026-05-03,Kampala,T-Shirt,Clothing,5,45000,Card,Regular,225000,2026,5,May,3,Sunday,2026-05
TXN0153,2026-05-03,Entebbe,Electric Kettle,Home & Kitchen,3,95000,Cash,New,285000,2026,5,May,3,Sunday,2026-05
TXN0148,2026-05-04,Entebbe,Jacket,Clothing,5,150000,Card,Regular,750000,2026,5,May,4,Monday,2026-05
TXN0232,2026-05-07,Kampala,Cooking Oil 3L,Groceries,1,28000,Cash,New,28000,2026,5,May,7,Thursday,2026-05
TXN0433,2026-05-07,Kampala,Body Lotion,Personal Care,3,25000,Cash,New,75000,2026,5,May,7,Thursday,2026-05
TXN0332,2026-05-08,Jinja,Headphones,Electronics,5,120000,Cash,New,600000,2026,5,May,8,Friday,2026-05
TXN0373,2026-05-09,Kampala,Blender,Home & Kitchen,1,180000,Card,New,180000,2026,5,May,9,Saturday,2026-05
TXN0170,2026-05-09,Jinja,Cooking Oil 3L,Groceries,4,28000,Mobile Money,New,112000,2026,5,May,9,Saturday,2026-05
TXN0436,2026-05-10,Entebbe,Shampoo,Personal Care,3,22000,Cash,New,66000,2026,5,May,10,Sunday,2026-05
TXN0295,2026-05-10,Kampala,Sugar 2kg,Groceries,3,12000,Mobile Money,Regular,36000,2026,5,May,10,Sunday,2026-05
TXN0082,2026-05-11,Entebbe,Jeans,Clothing,5,85000,Mobile Money,New,425000,2026,5,May,11,Monday,2026-05
TXN0289,2026-05-11,Kampala,Frying Pan,Home & Kitchen,3,65000,Mobile Money,New,195000,2026,5,May,11,Monday,2026-05
TXN0486,2026-05-12,Entebbe,Sugar 2kg,Groceries,4,12000,Cash,Regular,48000,2026,5,May,12,Tuesday,2026-05
TXN0354,2026-05-12,Jinja,Sugar 2kg,Groceries,2,12000,Cash,New,24000,2026,5,May,12,Tuesday,2026-05
TXN0180,2026-05-12,Kampala,Shampoo,Personal Care,5,22000,Mobile Money,Regular,110000,2026,5,May,12,Tuesday,2026-05
TXN0275,2026-05-12,Kampala,Body Lotion,Personal Care,3,25000,Mobile Money,New,75000,2026,5,May,12,Tuesday,2026-05
TXN0096,2026-05-12,Jinja,Cooking Oil 3L,Groceries,5,28000,Mobile Money,New,140000,2026,5,May,12,Tuesday,2026-05
TXN0174,2026-05-13,Jinja,Electric Kettle,Home & Kitchen,4,95000,Mobile Money,New,380000,2026,5,May,13,Wednesday,2026-05
TXN0375,2026-05-13,Entebbe,Sugar 2kg,Groceries,1,12000,Mobile Money,New,12000,2026,5,May,13,Wednesday,2026-05
TXN0321,2026-05-13,Kampala,Jacket,Clothing,3,150000,Cash,New,450000,2026,5,May,13,Wednesday,2026-05
TXN0134,2026-05-14,Jinja,Jacket,Clothing,3,150000,Card,Regular,450000,2026,5,May,14,Thursday,2026-05
TXN0158,2026-05-14,Entebbe,Body Lotion,Personal Care,4,25000,Mobile Money,Regular,100000,2026,5,May,14,Thursday,2026-05
TXN0427,2026-05-16,Kampala,Jeans,Clothing,2,85000,Cash,New,170000,2026,5,May,16,Saturday,2026-05
TXN0500,2026-05-16,Jinja,Smartphone,Electronics,3,850000,Card,Regular,2550000,2026,5,May,16,Saturday,2026-05
TXN0055,2026-05-16,Kampala,Frying Pan,Home & Kitchen,1,65000,Card,New,65000,2026,5,May,16,Saturday,2026-05
TXN0377,2026-05-17,Kampala,T-Shirt,Clothing,5,45000,Card,New,225000,2026,5,May,17,Sunday,2026-05
TXN0131,2026-05-17,Entebbe,Sugar 2kg,Groceries,3,12000,Cash,Regular,36000,2026,5,May,17,Sunday,2026-05
TXN0485,2026-05-17,Jinja,Electric Kettle,Home & Kitchen,3,95000,Mobile Money,Regular,285000,2026,5,May,17,Sunday,2026-05
TXN0062,2026-05-18,Kampala,Headphones,Electronics,5,120000,Mobile Money,New,600000,2026,5,May,18,Monday,2026-05
TXN0147,2026-05-18,Jinja,Jacket,Clothing,2,150000,Cash,New,300000,2026,5,May,18,Monday,2026-05
TXN0479,2026-05-18,Jinja,Headphones,Electronics,2,120000,Cash,Regular,240000,2026,5,May,18,Monday,2026-05
TXN0025,2026-05-18,Entebbe,Jeans,Clothing,3,85000,Cash,Regular,255000,2026,5,May,18,Monday,2026-05
TXN0395,2026-05-18,Kampala,Cooking Oil 3L,Groceries,1,28000,Mobile Money,New,28000,2026,5,May,18,Monday,2026-05
TXN0222,2026-05-19,Entebbe,Body Lotion,Personal Care,5,25000,Card,Regular,125000,2026,5,May,19,Tuesday,2026-05
TXN0494,2026-05-19,Jinja,Laptop Bag,Electronics,1,85000,Card,New,85000,2026,5,May,19,Tuesday,2026-05
TXN0035,2026-05-19,Jinja,Rice 5kg,Groceries,2,32000,Card,Regular,64000,2026,5,May,19,Tuesday,2026-05
TXN0211,2026-05-20,Kampala,Jeans,Clothing,1,85000,Mobile Money,Regular,85000,2026,5,May,20,Wednesday,2026-05
TXN0450,2026-05-21,Jinja,Smartphone,Electronics,2,850000,Card,New,1700000,2026,5,May,21,Thursday,2026-05
TXN0491,2026-05-21,Jinja,Electric Kettle,Home & Kitchen,3,95000,Mobile Money,Regular,285000,2026,5,May,21,Thursday,2026-05
TXN0429,2026-05-21,Kampala,Smartphone,Electronics,4,850000,Card,Regular,3400000,2026,5,May,21,Thursday,2026-05
TXN0092,2026-05-21,Kampala,Blender,Home & Kitchen,3,180000,Mobile Money,New,540000,2026,5,May,21,Thursday,2026-05
TXN0399,2026-05-21,Entebbe,Body Lotion,Personal Care,5,25000,Card,New,125000,2026,5,May,21,Thursday,2026-05
TXN0038,2026-05-22,Kampala,T-Shirt,Clothing,5,45000,Cash,New,225000,2026,5,May,22,Friday,2026-05
TXN0368,2026-05-22,Jinja,Sugar 2kg,Groceries,3,12000,Mobile Money,New,36000,2026,5,May,22,Friday,2026-05
TXN0193,2026-05-22,Jinja,Sugar 2kg,Groceries,4,12000,Mobile Money,Regular,48000,2026,5,May,22,Friday,2026-05
TXN0376,2026-05-22,Entebbe,Jeans,Clothing,2,85000,Card,Regular,170000,2026,5,May,22,Friday,2026-05
TXN0144,2026-05-22,Jinja,Electric Kettle,Home & Kitchen,3,95000,Mobile Money,Regular,285000,2026,5,May,22,Friday,2026-05
TXN0398,2026-05-22,Entebbe,Sugar 2kg,Groceries,1,12000,Mobile Money,Regular,12000,2026,5,May,22,Friday,2026-05
TXN0073,2026-05-22,Kampala,T-Shirt,Clothing,4,45000,Cash,New,180000,2026,5,May,22,Friday,2026-05
TXN0264,2026-05-23,Entebbe,Shampoo,Personal Care,1,22000,Mobile Money,New,22000,2026,5,May,23,Saturday,2026-05
TXN0304,2026-05-23,Jinja,Headphones,Electronics,4,120000,Mobile Money,Regular,480000,2026,5,May,23,Saturday,2026-05
TXN0477,2026-05-23,Jinja,Blender,Home & Kitchen,2,180000,Mobile Money,New,360000,2026,5,May,23,Saturday,2026-05
TXN0281,2026-05-24,Jinja,Frying Pan,Home & Kitchen,3,65000,Cash,Regular,195000,2026,5,May,24,Sunday,2026-05
TXN0260,2026-05-24,Jinja,T-Shirt,Clothing,3,45000,Card,New,135000,2026,5,May,24,Sunday,2026-05
TXN0361,2026-05-24,Kampala,Toothpaste,Personal Care,3,12000,Mobile Money,Regular,36000,2026,5,May,24,Sunday,2026-05
TXN0425,2026-05-24,Jinja,Toothpaste,Personal Care,3,12000,Cash,New,36000,2026,5,May,24,Sunday,2026-05
TXN0379,2026-05-25,Kampala,Shampoo,Personal Care,1,22000,Cash,New,22000,2026,5,May,25,Monday,2026-05
TXN0454,2026-05-25,Kampala,Electric Kettle,Home & Kitchen,5,95000,Mobile Money,Regular,475000,2026,5,May,25,Monday,2026-05
TXN0156,2026-05-25,Entebbe,Body Lotion,Personal Care,1,25000,Cash,New,25000,2026,5,May,25,Monday,2026-05
TXN0406,2026-05-25,Entebbe,Jacket,Clothing,4,150000,Cash,Regular,600000,2026,5,May,25,Monday,2026-05
TXN0488,2026-05-25,Kampala,Smartphone,Electronics,2,850000,Cash,Regular,1700000,2026,5,May,25,Monday,2026-05
TXN0032,2026-05-26,Kampala,Toothpaste,Personal Care,1,12000,Card,Regular,12000,2026,5,May,26,Tuesday,2026-05
TXN0434,2026-05-26,Jinja,Cooking Oil 3L,Groceries,1,28000,Mobile Money,Regular,28000,2026,5,May,26,Tuesday,2026-05
TXN0381,2026-05-27,Entebbe,Body Lotion,Personal Care,5,25000,Card,New,125000,2026,5,May,27,Wednesday,2026-05
TXN0334,2026-05-27,Entebbe,Rice 5kg,Groceries,2,32000,Card,New,64000,2026,5,May,27,Wednesday,2026-05
TXN0042,2026-05-27,Jinja,Jacket,Clothing,4,150000,Cash,Regular,600000,2026,5,May,27,Wednesday,2026-05
TXN0155,2026-05-28,Jinja,Headphones,Electronics,1,120000,Cash,New,120000,2026,5,May,28,Thursday,2026-05
TXN0220,2026-05-29,Entebbe,Smartphone,Electronics,2,850000,Cash,Regular,1700000,2026,5,May,29,Friday,2026-05
TXN0378,2026-05-29,Kampala,T-Shirt,Clothing,2,45000,Card,Regular,90000,2026,5,May,29,Friday,2026-05
TXN0209,2026-05-30,Kampala,Electric Kettle,Home & Kitchen,2,95000,Mobile Money,Regular,190000,2026,5,May,30,Saturday,2026-05
TXN0020,2026-05-30,Entebbe,Jacket,Clothing,5,150000,Mobile Money,Regular,750000,2026,5,May,30,Saturday,2026-05
TXN0489,2026-05-30,Jinja,Frying Pan,Home & Kitchen,4,65000,Mobile Money,New,260000,2026,5,May,30,Saturday,2026-05
TXN0452,2026-05-30,Entebbe,Jacket,Clothing,1,150000,Card,Regular,150000,2026,5,May,30,Saturday,2026-05
TXN0159,2026-05-31,Entebbe,Shampoo,Personal Care,3,22000,Card,New,66000,2026,5,May,31,Sunday,2026-05
TXN0005,2026-05-31,Entebbe,Electric Kettle,Home & Kitchen,1,95000,Cash,Regular,95000,2026,5,May,31,Sunday,2026-05
TXN0129,2026-06-01,Jinja,Headphones,Electronics,2,120000,Cash,Regular,240000,2026,6,June,1,Monday,2026-06
TXN0466,2026-06-02,Kampala,Headphones,Electronics,4,120000,Card,New,480000,2026,6,June,2,Tuesday,2026-06
TXN0307,2026-06-02,Jinja,Laptop Bag,Electronics,1,85000,Mobile Money,Regular,85000,2026,6,June,2,Tuesday,2026-06
TXN0084,2026-06-02,Entebbe,Headphones,Electronics,3,120000,Card,Regular,360000,2026,6,June,2,Tuesday,2026-06
TXN0297,2026-06-02,Jinja,T-Shirt,Clothing,4,45000,Mobile Money,New,180000,2026,6,June,2,Tuesday,2026-06
TXN0163,2026-06-02,Entebbe,Jacket,Clothing,3,150000,Cash,New,450000,2026,6,June,2,Tuesday,2026-06
TXN0253,2026-06-02,Jinja,Blender,Home & Kitchen,3,180000,Mobile Money,Regular,540000,2026,6,June,2,Tuesday,2026-06
TXN0189,2026-06-03,Jinja,Toothpaste,Personal Care,2,12000,Cash,Regular,24000,2026,6,June,3,Wednesday,2026-06
TXN0303,2026-06-03,Kampala,Jeans,Clothing,3,85000,Cash,Regular,255000,2026,6,June,3,Wednesday,2026-06
TXN0262,2026-06-03,Entebbe,Cooking Oil 3L,Groceries,3,28000,Cash,New,84000,2026,6,June,3,Wednesday,2026-06
TXN0184,2026-06-05,Kampala,Jeans,Clothing,2,85000,Mobile Money,New,170000,2026,6,June,5,Friday,2026-06
TXN0274,2026-06-05,Entebbe,Electric Kettle,Home & Kitchen,4,95000,Mobile Money,New,380000,2026,6,June,5,Friday,2026-06
TXN0085,2026-06-05,Jinja,Blender,Home & Kitchen,1,180000,Mobile Money,New,180000,2026,6,June,5,Friday,2026-06
TXN0355,2026-06-05,Jinja,Shampoo,Personal Care,4,22000,Cash,New,88000,2026,6,June,5,Friday,2026-06
TXN0404,2026-06-06,Entebbe,Sugar 2kg,Groceries,2,12000,Mobile Money,Regular,24000,2026,6,June,6,Saturday,2026-06
TXN0208,2026-06-06,Entebbe,Headphones,Electronics,5,120000,Card,New,600000,2026,6,June,6,Saturday,2026-06
TXN0439,2026-06-06,Jinja,Laptop Bag,Electronics,4,85000,Mobile Money,Regular,340000,2026,6,June,6,Saturday,2026-06
TXN0362,2026-06-06,Entebbe,Rice 5kg,Groceries,4,32000,Cash,New,128000,2026,6,June,6,Saturday,2026-06
TXN0328,2026-06-07,Kampala,Electric Kettle,Home & Kitchen,1,95000,Cash,Regular,95000,2026,6,June,7,Sunday,2026-06
TXN0382,2026-06-10,Jinja,Electric Kettle,Home & Kitchen,3,95000,Card,Regular,285000,2026,6,June,10,Wednesday,2026-06
TXN0293,2026-06-10,Entebbe,Shampoo,Personal Care,2,22000,Mobile Money,New,44000,2026,6,June,10,Wednesday,2026-06
TXN0203,2026-06-11,Jinja,Rice 5kg,Groceries,3,32000,Cash,New,96000,2026,6,June,11,Thursday,2026-06
TXN0496,2026-06-11,Kampala,Laptop Bag,Electronics,1,85000,Card,New,85000,2026,6,June,11,Thursday,2026-06
TXN0014,2026-06-12,Kampala,T-Shirt,Clothing,5,45000,Card,New,225000,2026,6,June,12,Friday,2026-06
TXN0269,2026-06-12,Kampala,Jacket,Clothing,1,150000,Card,New,150000,2026,6,June,12,Friday,2026-06
TXN0353,2026-06-13,Kampala,Cooking Oil 3L,Groceries,1,28000,Card,Regular,28000,2026,6,June,13,Saturday,2026-06
TXN0228,2026-06-13,Entebbe,Shampoo,Personal Care,1,22000,Card,New,22000,2026,6,June,13,Saturday,2026-06
TXN0028,2026-06-13,Jinja,Shampoo,Personal Care,5,22000,Cash,New,110000,2026,6,June,13,Saturday,2026-06
TXN0284,2026-06-13,Entebbe,Jacket,Clothing,3,150000,Cash,Regular,450000,2026,6,June,13,Saturday,2026-06
TXN0498,2026-06-13,Jinja,T-Shirt,Clothing,5,45000,Mobile Money,Regular,225000,2026,6,June,13,Saturday,2026-06
TXN0239,2026-06-13,Jinja,Jeans,Clothing,1,85000,Cash,Regular,85000,2026,6,June,13,Saturday,2026-06
TXN0435,2026-06-14,Jinja,Electric Kettle,Home & Kitchen,5,95000,Mobile Money,New,475000,2026,6,June,14,Sunday,2026-06
TXN0371,2026-06-14,Kampala,Sugar 2kg,Groceries,4,12000,Mobile Money,Regular,48000,2026,6,June,14,Sunday,2026-06
TXN0473,2026-06-14,Jinja,Sugar 2kg,Groceries,4,12000,Card,Regular,48000,2026,6,June,14,Sunday,2026-06
TXN0492,2026-06-14,Jinja,Jacket,Clothing,4,150000,Mobile Money,New,600000,2026,6,June,14,Sunday,2026-06
TXN0119,2026-06-14,Entebbe,Headphones,Electronics,2,120000,Mobile Money,New,240000,2026,6,June,14,Sunday,2026-06
TXN0320,2026-06-14,Entebbe,Smartphone,Electronics,3,850000,Card,New,2550000,2026,6,June,14,Sunday,2026-06
TXN0249,2026-06-14,Kampala,Electric Kettle,Home & Kitchen,1,95000,Mobile Money,Regular,95000,2026,6,June,14,Sunday,2026-06
TXN0237,2026-06-15,Entebbe,Frying Pan,Home & Kitchen,1,65000,Mobile Money,Regular,65000,2026,6,June,15,Monday,2026-06
TXN0186,2026-06-15,Kampala,Headphones,Electronics,4,120000,Card,Regular,480000,2026,6,June,15,Monday,2026-06
TXN0430,2026-06-16,Kampala,Electric Kettle,Home & Kitchen,3,95000,Mobile Money,Regular,285000,2026,6,June,16,Tuesday,2026-06
TXN0049,2026-06-16,Jinja,Smartphone,Electronics,1,850000,Cash,New,850000,2026,6,June,16,Tuesday,2026-06
TXN0409,2026-06-17,Jinja,Cooking Oil 3L,Groceries,5,28000,Cash,New,140000,2026,6,June,17,Wednesday,2026-06
TXN0018,2026-06-17,Entebbe,Rice 5kg,Groceries,4,32000,Card,Regular,128000,2026,6,June,17,Wednesday,2026-06
TXN0443,2026-06-17,Entebbe,Cooking Oil 3L,Groceries,2,28000,Cash,New,56000,2026,6,June,17,Wednesday,2026-06
TXN0045,2026-06-17,Jinja,Jeans,Clothing,1,85000,Cash,Regular,85000,2026,6,June,17,Wednesday,2026-06
TXN0263,2026-06-18,Entebbe,Laptop Bag,Electronics,2,85000,Cash,Regular,170000,2026,6,June,18,Thursday,2026-06
TXN0338,2026-06-18,Jinja,Jacket,Clothing,1,150000,Card,Regular,150000,2026,6,June,18,Thursday,2026-06
TXN0266,2026-06-18,Jinja,T-Shirt,Clothing,3,45000,Cash,New,135000,2026,6,June,18,Thursday,2026-06
TXN0305,2026-06-18,Jinja,Jacket,Clothing,2,150000,Mobile Money,New,300000,2026,6,June,18,Thursday,2026-06
TXN0306,2026-06-19,Kampala,T-Shirt,Clothing,3,45000,Mobile Money,Regular,135000,2026,6,June,19,Friday,2026-06
TXN0243,2026-06-19,Kampala,Headphones,Electronics,2,120000,Cash,Regular,240000,2026,6,June,19,Friday,2026-06
TXN0161,2026-06-19,Kampala,Cooking Oil 3L,Groceries,2,28000,Cash,New,56000,2026,6,June,19,Friday,2026-06
TXN0178,2026-06-19,Entebbe,Cooking Oil 3L,Groceries,5,28000,Cash,Regular,140000,2026,6,June,19,Friday,2026-06
TXN0257,2026-06-20,Entebbe,Sugar 2kg,Groceries,3,12000,Cash,Regular,36000,2026,6,June,20,Saturday,2026-06
TXN0309,2026-06-21,Entebbe,Jeans,Clothing,5,85000,Mobile Money,New,425000,2026,6,June,21,Sunday,2026-06
TXN0036,2026-06-21,Jinja,Blender,Home & Kitchen,3,180000,Mobile Money,Regular,540000,2026,6,June,21,Sunday,2026-06
TXN0041,2026-06-21,Entebbe,Cooking Oil 3L,Groceries,2,28000,Card,New,56000,2026,6,June,21,Sunday,2026-06
TXN0480,2026-06-22,Jinja,Blender,Home & Kitchen,5,180000,Cash,New,900000,2026,6,June,22,Monday,2026-06
TXN0407,2026-06-22,Kampala,Sugar 2kg,Groceries,4,12000,Card,Regular,48000,2026,6,June,22,Monday,2026-06
TXN0173,2026-06-22,Entebbe,Body Lotion,Personal Care,5,25000,Cash,New,125000,2026,6,June,22,Monday,2026-06
TXN0276,2026-06-23,Jinja,Cooking Oil 3L,Groceries,5,28000,Mobile Money,Regular,140000,2026,6,June,23,Tuesday,2026-06
TXN0472,2026-06-23,Entebbe,Jeans,Clothing,5,85000,Mobile Money,New,425000,2026,6,June,23,Tuesday,2026-06
TXN0225,2026-06-23,Jinja,Shampoo,Personal Care,4,22000,Card,Regular,88000,2026,6,June,23,Tuesday,2026-06
TXN0216,2026-06-25,Jinja,T-Shirt,Clothing,1,45000,Card,Regular,45000,2026,6,June,25,Thursday,2026-06
TXN0068,2026-06-25,Jinja,Rice 5kg,Groceries,3,32000,Card,Regular,96000,2026,6,June,25,Thursday,2026-06
TXN0250,2026-06-25,Kampala,Blender,Home & Kitchen,4,180000,Card,Regular,720000,2026,6,June,25,Thursday,2026-06
TXN0130,2026-06-25,Jinja,Shampoo,Personal Care,1,22000,Card,New,22000,2026,6,June,25,Thursday,2026-06
TXN0413,2026-06-26,Kampala,Blender,Home & Kitchen,4,180000,Card,Regular,720000,2026,6,June,26,Friday,2026-06
TXN0072,2026-06-26,Kampala,Headphones,Electronics,5,120000,Cash,Regular,600000,2026,6,June,26,Friday,2026-06
TXN0384,2026-06-26,Kampala,Headphones,Electronics,2,120000,Mobile Money,Regular,240000,2026,6,June,26,Friday,2026-06
TXN0102,2026-06-28,Jinja,Body Lotion,Personal Care,4,25000,Cash,New,100000,2026,6,June,28,Sunday,2026-06
TXN0447,2026-06-29,Jinja,Blender,Home & Kitchen,4,180000,Card,New,720000,2026,6,June,29,Monday,2026-06
TXN0267,2026-06-29,Entebbe,Cooking Oil 3L,Groceries,3,28000,Mobile Money,New,84000,2026,6,June,29,Monday,2026-06
TXN0126,2026-06-29,Entebbe,Electric Kettle,Home & Kitchen,3,95000,Cash,New,285000,2026,6,June,29,Monday,2026-06
TXN0145,2026-06-29,Entebbe,Sugar 2kg,Groceries,3,12000,Mobile Money,Regular,36000,2026,6,June,29,Monday,2026-06
TXN0449,2026-06-30,Entebbe,Frying Pan,Home & Kitchen,1,65000,Card,New,65000,2026,6,June,30,Tuesday,2026-06
TXN0071,2026-06-30,Entebbe,Frying Pan,Home & Kitchen,5,65000,Cash,New,325000,2026,6,June,30,Tuesday,2026-06
TXN0164,2026-06-30,Entebbe,Cooking Oil 3L,Groceries,4,28000,Cash,New,112000,2026,6,June,30,Tuesday,2026-06
TXN0187,2026-06-30,Entebbe,Frying Pan,Home & Kitchen,4,65000,Mobile Money,Regular,260000,2026,6,June,30,Tuesday,2026-06
TXN0039,2026-07-01,Jinja,Headphones,Electronics,1,120000,Cash,New,120000,2026,7,July,1,Wednesday,2026-07
TXN0476,2026-07-01,Kampala,Cooking Oil 3L,Groceries,4,28000,Cash,Regular,112000,2026,7,July,1,Wednesday,2026-07
TXN0142,2026-07-02,Entebbe,Jeans,Clothing,4,85000,Cash,New,340000,2026,7,July,2,Thursday,2026-07
TXN0326,2026-07-02,Jinja,Shampoo,Personal Care,3,22000,Cash,New,66000,2026,7,July,2,Thursday,2026-07
TXN0202,2026-07-03,Entebbe,Jeans,Clothing,5,85000,Cash,New,425000,2026,7,July,3,Friday,2026-07
TXN0386,2026-07-03,Entebbe,Sugar 2kg,Groceries,3,12000,Mobile Money,New,36000,2026,7,July,3,Friday,2026-07
TXN0199,2026-07-04,Kampala,Smartphone,Electronics,4,850000,Card,New,3400000,2026,7,July,4,Saturday,2026-07
TXN0271,2026-07-04,Entebbe,Cooking Oil 3L,Groceries,5,28000,Card,New,140000,2026,7,July,4,Saturday,2026-07
TXN0408,2026-07-05,Jinja,Body Lotion,Personal Care,1,25000,Card,Regular,25000,2026,7,July,5,Sunday,2026-07
TXN0414,2026-07-08,Jinja,Shampoo,Personal Care,1,22000,Card,New,22000,2026,7,July,8,Wednesday,2026-07
TXN0077,2026-07-08,Entebbe,Laptop Bag,Electronics,4,85000,Card,New,340000,2026,7,July,8,Wednesday,2026-07
TXN0002,2026-07-08,Kampala,Laptop Bag,Electronics,5,85000,Cash,Regular,425000,2026,7,July,8,Wednesday,2026-07
TXN0259,2026-07-09,Entebbe,Jacket,Clothing,2,150000,Card,New,300000,2026,7,July,9,Thursday,2026-07
TXN0467,2026-07-09,Kampala,Rice 5kg,Groceries,4,32000,Mobile Money,New,128000,2026,7,July,9,Thursday,2026-07
TXN0282,2026-07-09,Kampala,Shampoo,Personal Care,4,22000,Cash,Regular,88000,2026,7,July,9,Thursday,2026-07
TXN0160,2026-07-09,Kampala,T-Shirt,Clothing,2,45000,Card,New,90000,2026,7,July,9,Thursday,2026-07
TXN0426,2026-07-09,Jinja,T-Shirt,Clothing,2,45000,Cash,New,90000,2026,7,July,9,Thursday,2026-07
TXN0114,2026-07-11,Jinja,Frying Pan,Home & Kitchen,5,65000,Card,New,325000,2026,7,July,11,Saturday,2026-07
TXN0221,2026-07-11,Entebbe,Sugar 2kg,Groceries,2,12000,Cash,New,24000,2026,7,July,11,Saturday,2026-07
TXN0316,2026-07-11,Entebbe,Body Lotion,Personal Care,2,25000,Card,New,50000,2026,7,July,11,Saturday,2026-07
TXN0091,2026-07-11,Kampala,Jeans,Clothing,5,85000,Card,Regular,425000,2026,7,July,11,Saturday,2026-07
TXN0152,2026-07-12,Entebbe,Jeans,Clothing,1,85000,Cash,Regular,85000,2026,7,July,12,Sunday,2026-07
TXN0101,2026-07-12,Kampala,Toothpaste,Personal Care,4,12000,Cash,New,48000,2026,7,July,12,Sunday,2026-07
TXN0097,2026-07-12,Kampala,Shampoo,Personal Care,3,22000,Cash,New,66000,2026,7,July,12,Sunday,2026-07
TXN0061,2026-07-12,Kampala,Toothpaste,Personal Care,1,12000,Mobile Money,New,12000,2026,7,July,12,Sunday,2026-07
TXN0292,2026-07-13,Jinja,Electric Kettle,Home & Kitchen,5,95000,Mobile Money,Regular,475000,2026,7,July,13,Monday,2026-07
TXN0475,2026-07-13,Jinja,Laptop Bag,Electronics,4,85000,Cash,New,340000,2026,7,July,13,Monday,2026-07
TXN0027,2026-07-15,Kampala,Frying Pan,Home & Kitchen,5,65000,Cash,Regular,325000,2026,7,July,15,Wednesday,2026-07
TXN0391,2026-07-15,Kampala,Rice 5kg,Groceries,4,32000,Card,Regular,128000,2026,7,July,15,Wednesday,2026-07
TXN0157,2026-07-15,Entebbe,Frying Pan,Home & Kitchen,5,65000,Card,New,325000,2026,7,July,15,Wednesday,2026-07
TXN0029,2026-07-15,Kampala,Sugar 2kg,Groceries,5,12000,Card,New,60000,2026,7,July,15,Wednesday,2026-07
TXN0465,2026-07-16,Kampala,T-Shirt,Clothing,2,45000,Cash,New,90000,2026,7,July,16,Thursday,2026-07
TXN0318,2026-07-16,Entebbe,Electric Kettle,Home & Kitchen,4,95000,Card,Regular,380000,2026,7,July,16,Thursday,2026-07
TXN0419,2026-07-17,Entebbe,Cooking Oil 3L,Groceries,2,28000,Card,Regular,56000,2026,7,July,17,Friday,2026-07
TXN0112,2026-07-17,Jinja,Blender,Home & Kitchen,1,180000,Card,Regular,180000,2026,7,July,17,Friday,2026-07
TXN0380,2026-07-17,Jinja,Jeans,Clothing,3,85000,Card,New,255000,2026,7,July,17,Friday,2026-07
TXN0195,2026-07-18,Entebbe,Rice 5kg,Groceries,1,32000,Mobile Money,Regular,32000,2026,7,July,18,Saturday,2026-07
TXN0330,2026-07-18,Entebbe,Headphones,Electronics,2,120000,Mobile Money,New,240000,2026,7,July,18,Saturday,2026-07
TXN0340,2026-07-19,Jinja,Shampoo,Personal Care,4,22000,Card,Regular,88000,2026,7,July,19,Sunday,2026-07
TXN0372,2026-07-19,Jinja,Laptop Bag,Electronics,5,85000,Cash,New,425000,2026,7,July,19,Sunday,2026-07
TXN0345,2026-07-19,Kampala,Shampoo,Personal Care,3,22000,Mobile Money,New,66000,2026,7,July,19,Sunday,2026-07
TXN0052,2026-07-20,Entebbe,Cooking Oil 3L,Groceries,3,28000,Mobile Money,Regular,84000,2026,7,July,20,Monday,2026-07
TXN0312,2026-07-21,Kampala,Shampoo,Personal Care,5,22000,Card,New,110000,2026,7,July,21,Tuesday,2026-07
TXN0093,2026-07-21,Jinja,Blender,Home & Kitchen,5,180000,Card,Regular,900000,2026,7,July,21,Tuesday,2026-07
TXN0244,2026-07-21,Kampala,Body Lotion,Personal Care,5,25000,Mobile Money,New,125000,2026,7,July,21,Tuesday,2026-07
TXN0308,2026-07-22,Entebbe,Jeans,Clothing,2,85000,Card,New,170000,2026,7,July,22,Wednesday,2026-07
TXN0190,2026-07-22,Entebbe,Body Lotion,Personal Care,3,25000,Card,Regular,75000,2026,7,July,22,Wednesday,2026-07
TXN0226,2026-07-22,Entebbe,Headphones,Electronics,1,120000,Mobile Money,New,120000,2026,7,July,22,Wednesday,2026-07
TXN0095,2026-07-23,Jinja,Body Lotion,Personal Care,2,25000,Card,New,50000,2026,7,July,23,Thursday,2026-07
TXN0254,2026-07-23,Jinja,Headphones,Electronics,1,120000,Card,New,120000,2026,7,July,23,Thursday,2026-07
TXN0493,2026-07-23,Entebbe,Jacket,Clothing,2,150000,Cash,Regular,300000,2026,7,July,23,Thursday,2026-07
TXN0348,2026-07-24,Jinja,Sugar 2kg,Groceries,3,12000,Cash,Regular,36000,2026,7,July,24,Friday,2026-07
TXN0481,2026-07-25,Jinja,Rice 5kg,Groceries,5,32000,Cash,Regular,160000,2026,7,July,25,Saturday,2026-07
TXN0031,2026-07-26,Entebbe,Toothpaste,Personal Care,2,12000,Cash,New,24000,2026,7,July,26,Sunday,2026-07
TXN0364,2026-07-27,Jinja,Headphones,Electronics,3,120000,Card,Regular,360000,2026,7,July,27,Monday,2026-07
TXN0317,2026-07-27,Entebbe,Cooking Oil 3L,Groceries,2,28000,Mobile Money,Regular,56000,2026,7,July,27,Monday,2026-07
TXN0196,2026-07-27,Entebbe,Jacket,Clothing,4,150000,Card,New,600000,2026,7,July,27,Monday,2026-07
TXN0298,2026-07-27,Jinja,Electric Kettle,Home & Kitchen,2,95000,Mobile Money,Regular,190000,2026,7,July,27,Monday,2026-07
TXN0469,2026-07-28,Jinja,Rice 5kg,Groceries,5,32000,Mobile Money,Regular,160000,2026,7,July,28,Tuesday,2026-07
TXN0065,2026-07-29,Jinja,Jeans,Clothing,3,85000,Card,New,255000,2026,7,July,29,Wednesday,2026-07
TXN0127,2026-07-29,Kampala,Body Lotion,Personal Care,3,25000,Cash,New,75000,2026,7,July,29,Wednesday,2026-07
TXN0319,2026-07-29,Kampala,Laptop Bag,Electronics,5,85000,Cash,Regular,425000,2026,7,July,29,Wednesday,2026-07
TXN0080,2026-07-30,Kampala,Cooking Oil 3L,Groceries,2,28000,Cash,New,56000,2026,7,July,30,Thursday,2026-07
TXN0411,2026-07-30,Jinja,Laptop Bag,Electronics,2,85000,Cash,New,170000,2026,7,July,30,Thursday,2026-07
